Angle	Power (uW)	dTheta	dPower
150	0.114	0.5	0.0005
152	0.148	0.5	1.0005
154	0.244	0.5	2.0005
156	0.386	0.5	3.0005
158	0.65	0.5	4.0005
160	0.977	0.5	5.0005
162	1.29	0.5	6.0005
164	1.76	0.5	7.0005
166	2.43	0.5	8.0005
168	3.22	0.5	9.0005
170	4.63	0.5	10.0005
172	6.6	0.5	11.0005
174	7.99	0.5	12.0005
176	8.81	0.5	13.0005
178	10.1	0.5	14.0005
180	16.1	0.5	15.0005
182	9.26	0.5	16.0005
184	7.69	0.5	17.0005
186	6.5	0.5	18.0005
188	5.04	0.5	19.0005
190	3.22	0.5	20.0005
192	2.08	0.5	21.0005
194	1.54	0.5	22.0005
196	1.14	0.5	23.0005
198	0.848	0.5	24.0005
200	0.631	0.5	25.0005
202	0.438	0.5	26.0005
204	0.288	0.5	27.0005
206	0.211	0.5	28.0005
208	0.153	0.5	29.0005
210	0.117	0.5	30.0005

